,STV_star_jaccar_deg=2_size=10_weighted_rate=0,STV_star_jaccar_deg=2_size=10_weighted_rate=2,STV_star_jaccar_deg=2_size=10_antirec_rate=0,STV_star_jaccar_deg=2_size=10_antirec_rate=2,STV_star_jaccar_deg=2_size=20_weighted_rate=0,STV_star_jaccar_deg=2_size=20_weighted_rate=2,STV_star_jaccar_deg=2_size=20_antirec_rate=0,STV_star_jaccar_deg=2_size=20_antirec_rate=2,STV_star_jaccar_deg=3_size=10_weighted_rate=0,STV_star_jaccar_deg=3_size=10_weighted_rate=2,STV_star_jaccar_deg=3_size=10_antirec_rate=0,STV_star_jaccar_deg=3_size=10_antirec_rate=2,STV_star_jaccar_deg=3_size=20_weighted_rate=0,STV_star_jaccar_deg=3_size=20_weighted_rate=2,STV_star_jaccar_deg=3_size=20_antirec_rate=0,STV_star_jaccar_deg=3_size=20_antirec_rate=2,STV_star_jaccar_deg=4_size=10_weighted_rate=0,STV_star_jaccar_deg=4_size=10_weighted_rate=2,STV_star_jaccar_deg=4_size=10_antirec_rate=0,STV_star_jaccar_deg=4_size=10_antirec_rate=2,STV_star_jaccar_deg=4_size=20_weighted_rate=0,STV_star_jaccar_deg=4_size=20_weighted_rate=2,STV_star_jaccar_deg=4_size=20_antirec_rate=0,STV_star_jaccar_deg=4_size=20_antirec_rate=2,STV_star_jaccar_deg=5_size=10_weighted_rate=0,STV_star_jaccar_deg=5_size=10_weighted_rate=2,STV_star_jaccar_deg=5_size=10_antirec_rate=0,STV_star_jaccar_deg=5_size=10_antirec_rate=2,STV_star_jaccar_deg=5_size=20_weighted_rate=0,STV_star_jaccar_deg=5_size=20_weighted_rate=2,STV_star_jaccar_deg=5_size=20_antirec_rate=0,STV_star_jaccar_deg=5_size=20_antirec_rate=2,STV_star_pearson_deg=2_size=10_weighted_rate=0,STV_star_pearson_deg=2_size=10_weighted_rate=2,STV_star_pearson_deg=2_size=10_antirec_rate=0,STV_star_pearson_deg=2_size=10_antirec_rate=2,STV_star_pearson_deg=2_size=20_weighted_rate=0,STV_star_pearson_deg=2_size=20_weighted_rate=2,STV_star_pearson_deg=2_size=20_antirec_rate=0,STV_star_pearson_deg=2_size=20_antirec_rate=2,STV_star_pearson_deg=3_size=10_weighted_rate=0,STV_star_pearson_deg=3_size=10_weighted_rate=2,STV_star_pearson_deg=3_size=10_antirec_rate=0,STV_star_pearson_deg=3_size=10_antirec_rate=2,STV_star_pearson_deg=3_size=20_weighted_rate=0,STV_star_pearson_deg=3_size=20_weighted_rate=2,STV_star_pearson_deg=3_size=20_antirec_rate=0,STV_star_pearson_deg=3_size=20_antirec_rate=2,STV_star_pearson_deg=4_size=10_weighted_rate=0,STV_star_pearson_deg=4_size=10_weighted_rate=2,STV_star_pearson_deg=4_size=10_antirec_rate=0,STV_star_pearson_deg=4_size=10_antirec_rate=2,STV_star_pearson_deg=4_size=20_weighted_rate=0,STV_star_pearson_deg=4_size=20_weighted_rate=2,STV_star_pearson_deg=4_size=20_antirec_rate=0,STV_star_pearson_deg=4_size=20_antirec_rate=2,STV_star_pearson_deg=5_size=10_weighted_rate=0,STV_star_pearson_deg=5_size=10_weighted_rate=2,STV_star_pearson_deg=5_size=10_antirec_rate=0,STV_star_pearson_deg=5_size=10_antirec_rate=2,STV_star_pearson_deg=5_size=20_weighted_rate=0,STV_star_pearson_deg=5_size=20_weighted_rate=2,STV_star_pearson_deg=5_size=20_antirec_rate=0,STV_star_pearson_deg=5_size=20_antirec_rate=2,STV_star_spearman_deg=2_size=10_weighted_rate=0,STV_star_spearman_deg=2_size=10_weighted_rate=2,STV_star_spearman_deg=2_size=10_antirec_rate=0,STV_star_spearman_deg=2_size=10_antirec_rate=2,STV_star_spearman_deg=2_size=20_weighted_rate=0,STV_star_spearman_deg=2_size=20_weighted_rate=2,STV_star_spearman_deg=2_size=20_antirec_rate=0,STV_star_spearman_deg=2_size=20_antirec_rate=2,STV_star_spearman_deg=3_size=10_weighted_rate=0,STV_star_spearman_deg=3_size=10_weighted_rate=2,STV_star_spearman_deg=3_size=10_antirec_rate=0,STV_star_spearman_deg=3_size=10_antirec_rate=2,STV_star_spearman_deg=3_size=20_weighted_rate=0,STV_star_spearman_deg=3_size=20_weighted_rate=2,STV_star_spearman_deg=3_size=20_antirec_rate=0,STV_star_spearman_deg=3_size=20_antirec_rate=2,STV_star_spearman_deg=4_size=10_weighted_rate=0,STV_star_spearman_deg=4_size=10_weighted_rate=2,STV_star_spearman_deg=4_size=10_antirec_rate=0,STV_star_spearman_deg=4_size=10_antirec_rate=2,STV_star_spearman_deg=4_size=20_weighted_rate=0,STV_star_spearman_deg=4_size=20_weighted_rate=2,STV_star_spearman_deg=4_size=20_antirec_rate=0,STV_star_spearman_deg=4_size=20_antirec_rate=2,STV_star_spearman_deg=5_size=10_weighted_rate=0,STV_star_spearman_deg=5_size=10_weighted_rate=2,STV_star_spearman_deg=5_size=10_antirec_rate=0,STV_star_spearman_deg=5_size=10_antirec_rate=2,STV_star_spearman_deg=5_size=20_weighted_rate=0,STV_star_spearman_deg=5_size=20_weighted_rate=2,STV_star_spearman_deg=5_size=20_antirec_rate=0,STV_star_spearman_deg=5_size=20_antirec_rate=2,STV_basic_jaccar_deg=2_size=10_weighted_rate=0,STV_basic_jaccar_deg=2_size=10_weighted_rate=2,STV_basic_jaccar_deg=2_size=10_antirec_rate=0,STV_basic_jaccar_deg=2_size=10_antirec_rate=2,STV_basic_jaccar_deg=2_size=20_weighted_rate=0,STV_basic_jaccar_deg=2_size=20_weighted_rate=2,STV_basic_jaccar_deg=2_size=20_antirec_rate=0,STV_basic_jaccar_deg=2_size=20_antirec_rate=2,STV_basic_jaccar_deg=3_size=10_weighted_rate=0,STV_basic_jaccar_deg=3_size=10_weighted_rate=2,STV_basic_jaccar_deg=3_size=10_antirec_rate=0,STV_basic_jaccar_deg=3_size=10_antirec_rate=2,STV_basic_jaccar_deg=3_size=20_weighted_rate=0,STV_basic_jaccar_deg=3_size=20_weighted_rate=2,STV_basic_jaccar_deg=3_size=20_antirec_rate=0,STV_basic_jaccar_deg=3_size=20_antirec_rate=2,STV_basic_jaccar_deg=4_size=10_weighted_rate=0,STV_basic_jaccar_deg=4_size=10_weighted_rate=2,STV_basic_jaccar_deg=4_size=10_antirec_rate=0,STV_basic_jaccar_deg=4_size=10_antirec_rate=2,STV_basic_jaccar_deg=4_size=20_weighted_rate=0,STV_basic_jaccar_deg=4_size=20_weighted_rate=2,STV_basic_jaccar_deg=4_size=20_antirec_rate=0,STV_basic_jaccar_deg=4_size=20_antirec_rate=2,STV_basic_jaccar_deg=5_size=10_weighted_rate=0,STV_basic_jaccar_deg=5_size=10_weighted_rate=2,STV_basic_jaccar_deg=5_size=10_antirec_rate=0,STV_basic_jaccar_deg=5_size=10_antirec_rate=2,STV_basic_jaccar_deg=5_size=20_weighted_rate=0,STV_basic_jaccar_deg=5_size=20_weighted_rate=2,STV_basic_jaccar_deg=5_size=20_antirec_rate=0,STV_basic_jaccar_deg=5_size=20_antirec_rate=2,STV_basic_pearson_deg=2_size=10_weighted_rate=0,STV_basic_pearson_deg=2_size=10_weighted_rate=2,STV_basic_pearson_deg=2_size=10_antirec_rate=0,STV_basic_pearson_deg=2_size=10_antirec_rate=2,STV_basic_pearson_deg=2_size=20_weighted_rate=0,STV_basic_pearson_deg=2_size=20_weighted_rate=2,STV_basic_pearson_deg=2_size=20_antirec_rate=0,STV_basic_pearson_deg=2_size=20_antirec_rate=2,STV_basic_pearson_deg=3_size=10_weighted_rate=0,STV_basic_pearson_deg=3_size=10_weighted_rate=2,STV_basic_pearson_deg=3_size=10_antirec_rate=0,STV_basic_pearson_deg=3_size=10_antirec_rate=2,STV_basic_pearson_deg=3_size=20_weighted_rate=0,STV_basic_pearson_deg=3_size=20_weighted_rate=2,STV_basic_pearson_deg=3_size=20_antirec_rate=0,STV_basic_pearson_deg=3_size=20_antirec_rate=2,STV_basic_pearson_deg=4_size=10_weighted_rate=0,STV_basic_pearson_deg=4_size=10_weighted_rate=2,STV_basic_pearson_deg=4_size=10_antirec_rate=0,STV_basic_pearson_deg=4_size=10_antirec_rate=2,STV_basic_pearson_deg=4_size=20_weighted_rate=0,STV_basic_pearson_deg=4_size=20_weighted_rate=2,STV_basic_pearson_deg=4_size=20_antirec_rate=0,STV_basic_pearson_deg=4_size=20_antirec_rate=2,STV_basic_pearson_deg=5_size=10_weighted_rate=0,STV_basic_pearson_deg=5_size=10_weighted_rate=2,STV_basic_pearson_deg=5_size=10_antirec_rate=0,STV_basic_pearson_deg=5_size=10_antirec_rate=2,STV_basic_pearson_deg=5_size=20_weighted_rate=0,STV_basic_pearson_deg=5_size=20_weighted_rate=2,STV_basic_pearson_deg=5_size=20_antirec_rate=0,STV_basic_pearson_deg=5_size=20_antirec_rate=2,STV_basic_spearman_deg=2_size=10_weighted_rate=0,STV_basic_spearman_deg=2_size=10_weighted_rate=2,STV_basic_spearman_deg=2_size=10_antirec_rate=0,STV_basic_spearman_deg=2_size=10_antirec_rate=2,STV_basic_spearman_deg=2_size=20_weighted_rate=0,STV_basic_spearman_deg=2_size=20_weighted_rate=2,STV_basic_spearman_deg=2_size=20_antirec_rate=0,STV_basic_spearman_deg=2_size=20_antirec_rate=2,STV_basic_spearman_deg=3_size=10_weighted_rate=0,STV_basic_spearman_deg=3_size=10_weighted_rate=2,STV_basic_spearman_deg=3_size=10_antirec_rate=0,STV_basic_spearman_deg=3_size=10_antirec_rate=2,STV_basic_spearman_deg=3_size=20_weighted_rate=0,STV_basic_spearman_deg=3_size=20_weighted_rate=2,STV_basic_spearman_deg=3_size=20_antirec_rate=0,STV_basic_spearman_deg=3_size=20_antirec_rate=2,STV_basic_spearman_deg=4_size=10_weighted_rate=0,STV_basic_spearman_deg=4_size=10_weighted_rate=2,STV_basic_spearman_deg=4_size=10_antirec_rate=0,STV_basic_spearman_deg=4_size=10_antirec_rate=2,STV_basic_spearman_deg=4_size=20_weighted_rate=0,STV_basic_spearman_deg=4_size=20_weighted_rate=2,STV_basic_spearman_deg=4_size=20_antirec_rate=0,STV_basic_spearman_deg=4_size=20_antirec_rate=2,STV_basic_spearman_deg=5_size=10_weighted_rate=0,STV_basic_spearman_deg=5_size=10_weighted_rate=2,STV_basic_spearman_deg=5_size=10_antirec_rate=0,STV_basic_spearman_deg=5_size=10_antirec_rate=2,STV_basic_spearman_deg=5_size=20_weighted_rate=0,STV_basic_spearman_deg=5_size=20_weighted_rate=2,STV_basic_spearman_deg=5_size=20_antirec_rate=0,STV_basic_spearman_deg=5_size=20_antirec_rate=2
0,The Gay Divorcee,Ghosts of Mississippi,Sliver,Amityville II: The Possession,Les Destinées sentimentales,Get on the Bus,Les Destinées sentimentales,The Scout,Broken Vessels,Sliver,Short Circuit,The Fear,Cannonball Run II,Sliver,Switching Channels,Ghosts of Mississippi,The Return of Jafar,Get on the Bus,Bluebeard,Free Willy 3: The Rescue,Les Destinées sentimentales,When Night Is Falling,The Fluffer,Malice,Morte a Venezia,When Night Is Falling,Morte a Venezia,Malice,Sommarnattens leende,French Kiss,Punch-Drunk Love,How To Make An American Quilt,Here Comes Cookie,Amityville 3-D,Here Comes Cookie,Amityville 3-D,Walkabout,The Scout,Walkabout,Shadowlands,October Sky,Amityville 3-D,The Fluffer,When Night Is Falling,October Sky,Walkabout,Assassination,Walkabout,Lassie,The Maltese Falcon,Here Comes Cookie,Amityville 3-D,卧虎藏龙,How To Make An American Quilt,Walkabout,Shadowlands,October Sky,Amityville 3-D,The Fluffer,When Night Is Falling,October Sky,The Doors,Assassination,Walkabout,The Hideous Sun Demon,Next Stop Wonderland,A Walk on the Moon,Amityville 3-D,Clear and Present Danger,The Maltese Falcon,卧虎藏龙,The Scout,Next Stop Wonderland,The Absent-Minded Professor,Watchers,How To Make An American Quilt,The Apartment,City Slickers II: The Legend of Curly's Gold,Watchers,The Gay Divorcee,The Absent-Minded Professor,Lassie,A Walk on the Moon,Amityville 3-D,卧虎藏龙,How To Make An American Quilt,卧虎藏龙,The Scout,October Sky,Shadowlands,Watchers,How To Make An American Quilt,The Apartment,Shadowlands,Watchers,The Gay Divorcee,The Gay Divorcee,Ghosts of Mississippi,Grand Hotel,Sliver,Kansas,When Night Is Falling,Kansas,French Kiss,Broken Vessels,When Night Is Falling,Switching Channels,Malice,Cannonball Run II,When Night Is Falling,Madagascar Skin,Mr. & Mrs. Smith,How To Make An American Quilt,When Night Is Falling,Malice,Malice,Kansas,When Night Is Falling,Titanica,How To Make An American Quilt,Ghosts of Mississippi,How To Make An American Quilt,The Scout,Martin Lawrence: You So Crazy,Proof of Life,Malice,How To Make An American Quilt,Bluebeard,Watchers,Lassie,Watchers,Lassie,Kansas,How To Make An American Quilt,Making the Grade,How To Make An American Quilt,October Sky,The Scout,Watchers,The Absent-Minded Professor,卧虎藏龙,Broken Vessels,Here Comes Cookie,Bringing Out the Dead,Lassie,When Night Is Falling,Watchers,Lassie,Kansas,How To Make An American Quilt,Making the Grade,How To Make An American Quilt,October Sky,"Guillaumet, les ailes du courage",Watchers,The Absent-Minded Professor,The Walking Dead,Broken Vessels,Here Comes Cookie,Bringing Out the Dead,Next Stop Wonderland,Lassie,Timerider: The Adventure of Lyle Swann,The Gay Divorcee,Kansas,How To Make An American Quilt,Making the Grade,How To Make An American Quilt,Stripes,Lassie,Watchers,The Scout,卧虎藏龙,Home Fries,Bringing Out the Dead,Molly,Next Stop Wonderland,How To Make An American Quilt,Timerider: The Adventure of Lyle Swann,The Gay Divorcee,Kansas,How To Make An American Quilt,Making the Grade,How To Make An American Quilt,Bringing Out the Dead,"Guillaumet, les ailes du courage",Watchers,The Scout,The Fluffer,Home Fries,Bringing Out the Dead,Molly
1,When Night Is Falling,Free Willy 3: The Rescue,My Tutor,Free Willy 3: The Rescue,The Emperor's New Groove,The Amityville Curse,Hellraiser III: Hell on Earth,Get on the Bus,Ghosts of Mississippi,Tuđa Amerika,Madagascar Skin,Malice,Sommarnattens leende,Next Stop Wonderland,The Return of Jafar,Free Willy 3: The Rescue,The Scout,Free Willy 3: The Rescue,Madagascar Skin,Apt Pupil,The Arena,Martin Lawrence: You So Crazy,Get on the Bus,The Scout,The Proposition,Sliver,Big Trouble,The Proposition,Jeanne et le garçon formidable,Malice,Big Trouble,Free Willy 3: The Rescue,A Walk on the Moon,Next Stop Wonderland,The Outlaw Josey Wales,Walkabout,City Slickers II: The Legend of Curly's Gold,Shadowlands,City Slickers II: The Legend of Curly's Gold,The Gay Divorcee,Lassie,Assassination,October Sky,The Scout,The Maltese Falcon,The Absent-Minded Professor,Bringing Out the Dead,Stripes,Next Stop Wonderland,The Absent-Minded Professor,The Outlaw Josey Wales,Walkabout,Lady in White,When Night Is Falling,City Slickers II: The Legend of Curly's Gold,The Gay Divorcee,Lassie,Here Comes Cookie,October Sky,The Scout,The Maltese Falcon,Amityville 3-D,Bringing Out the Dead,Stripes,Shadowlands,The Incredible Journey,Amityville 3-D,Stripes,Backbeat,Here Comes Cookie,Clear and Present Danger,The Maltese Falcon,October Sky,Next Stop Wonderland,Slap Her... She's French,The Incredible Journey,Stripes,Lassie,The Apartment,The Absent-Minded Professor,Stripes,Stripes,Amityville 3-D,Stripes,Lady in White,When Night Is Falling,Clear and Present Danger,The Maltese Falcon,Slap Her... She's French,Next Stop Wonderland,Slap Her... She's French,The Incredible Journey,Stripes,Lassie,The Apartment,The Absent-Minded Professor,Miss Congeniality,Raging Bull,Logan's Run,Raging Bull,Intimacy,The Scout,Intimacy,The Scout,Ghosts of Mississippi,Madagascar Skin,Free Willy 3: The Rescue,Tuđa Amerika,Madagascar Skin,Martin Lawrence: You So Crazy,The Return of Jafar,Jeanne et le garçon formidable,Free Willy 3: The Rescue,Set It Off,The Return of Jafar,The Return of Jafar,Intimacy,Martin Lawrence: You So Crazy,Better Than Sex,Martin Lawrence: You So Crazy,Morte a Venezia,When Night Is Falling,Morte a Venezia,Jeanne et le garçon formidable,Toy Story,The Scout,Stranger Than Paradise,Stranger Than Paradise,Timerider: The Adventure of Lyle Swann,The Absent-Minded Professor,Here Comes Cookie,The Scout,Intimacy,When Night Is Falling,Waking Life,Lassie,The Outlaw Josey Wales,The Gay Divorcee,The Maltese Falcon,Shadowlands,The Secret Policeman's Other Ball,Assassination,Watchers,The Hideous Sun Demon,The Scout,Amityville 3-D,Here Comes Cookie,The Scout,Intimacy,When Night Is Falling,Waking Life,Lassie,Bringing Out the Dead,When Night Is Falling,The Maltese Falcon,Shadowlands,Tommy Boy,Assassination,Watchers,The Hideous Sun Demon,The Hideous Sun Demon,Stripes,Molly,The Apartment,Intimacy,When Night Is Falling,Waking Life,Lassie,Next Stop Wonderland,The Scout,Timerider: The Adventure of Lyle Swann,The Absent-Minded Professor,The Secret Policeman's Other Ball,October Sky,The Apartment,Bringing Out the Dead,Stripes,Frankie Starlight,Molly,The Apartment,Intimacy,When Night Is Falling,Waking Life,Lassie,Timerider: The Adventure of Lyle Swann,How To Make An American Quilt,Timerider: The Adventure of Lyle Swann,The Absent-Minded Professor,La Boum,October Sky,The Apartment,Bringing Out the Dead
2,The Hunchback of Notre Dame,Grand Hotel,Raging Bull,Grand Hotel,Death on the Nile,Ghosts of Mississippi,The Amityville Curse,The Amityville Curse,The Return of Jafar,The Return of Jafar,Martin Lawrence: You So Crazy,Blood Beach,Broken Vessels,Miss Congeniality,Short Circuit,Home Alone 3,Malice,Apt Pupil,Broken Vessels,Next Stop Wonderland,Beach Party,Malice,The Gay Divorcee,Free Willy 3: The Rescue,Big Trouble,The Proposition,Martin Lawrence: You So Crazy,The Return of Jafar,Morte a Venezia,Sliver,Bluebeard,The Proposition,When Night Is Falling,The Absent-Minded Professor,Amityville 3-D,Next Stop Wonderland,Clear and Present Danger,Here Comes Cookie,Clear and Present Danger,The Amityville Curse,Next Stop Wonderland,Broken Vessels,Lassie,Amityville 3-D,Bringing Out the Dead,Next Stop Wonderland,The Maltese Falcon,The Absent-Minded Professor,Timerider: The Adventure of Lyle Swann,Assassination,Amityville 3-D,Next Stop Wonderland,Legally Blonde,Backbeat,Clear and Present Danger,The Amityville Curse,Next Stop Wonderland,Next Stop Wonderland,Lassie,Amityville 3-D,Bringing Out the Dead,Walkabout,The Maltese Falcon,The Absent-Minded Professor,The Absent-Minded Professor,The Absent-Minded Professor,How To Make An American Quilt,The Absent-Minded Professor,The Gay Divorcee,Amityville 3-D,Backbeat,Here Comes Cookie,Slap Her... She's French,October Sky,A Walk on the Moon,The Absent-Minded Professor,Color Me Blood Red,To Gillian on Her 37th Birthday,Bringing Out the Dead,Next Stop Wonderland,Molly,The Incredible Journey,How To Make An American Quilt,The Absent-Minded Professor,Legally Blonde,Backbeat,Backbeat,Here Comes Cookie,Lassie,Home Fries,A Walk on the Moon,The Absent-Minded Professor,Color Me Blood Red,Amityville 3-D,Bringing Out the Dead,Next Stop Wonderland,Free Willy 3: The Rescue,Free Willy 3: The Rescue,The Gay Divorcee,Amityville II: The Possession,Focus,Sliver,Focus,Sliver,Tuđa Amerika,Broken Vessels,The Scout,Home Alone 3,Picnic,Miss Congeniality,Short Circuit,Broken Vessels,The Dancemaker,Ghosts of Mississippi,Madagascar Skin,Next Stop Wonderland,Focus,Malice,Thir13en Ghosts,Malice,Stranger Than Paradise,French Kiss,摇啊摇，摇到外婆桥,Malice,The Amityville Curse,Stranger Than Paradise,Bluebeard,Big Trouble,Assassination,The Outlaw Josey Wales,Assassination,Amityville 3-D,Focus,Lassie,Intimacy,The Scout,Lassie,Amityville 3-D,The Outlaw Josey Wales,How To Make An American Quilt,City Slickers II: The Legend of Curly's Gold,Bringing Out the Dead,Assassination,The Outlaw Josey Wales,The Absent-Minded Professor,A Walk on the Moon,Assassination,Amityville 3-D,Focus,Lassie,Intimacy,The Scout,The Fluffer,Trois couleurs : Rouge,The Outlaw Josey Wales,How To Make An American Quilt,Legends of the Fall,Bringing Out the Dead,Assassination,The Outlaw Josey Wales,Shadowlands,A Walk on the Moon,Amityville 3-D,The Absent-Minded Professor,Focus,Lassie,Intimacy,The Scout,October Sky,Amityville 3-D,Stripes,Lassie,Backbeat,A Walk on the Moon,Color Me Blood Red,Color Me Blood Red,Timerider: The Adventure of Lyle Swann,Backbeat,Amityville 3-D,The Absent-Minded Professor,Focus,Lassie,Intimacy,The Scout,October Sky,Legends of the Fall,Stripes,Lassie,Ali,A Walk on the Moon,Color Me Blood Red,Color Me Blood Red
3,Amityville II: The Possession,A Walk on the Moon,Niagara,Broken Vessels,A Walk on the Moon,In Dreams,Raging Bull,The Players Club,Tuđa Amerika,Jeanne et le garçon formidable,Jeanne et le garçon formidable,Ghosts of Mississippi,The Fear,Mr. & Mrs. Smith,Mr. & Mrs. Smith,The Return of Jafar,Bluebeard,Bluebeard,Niagara,The Dancemaker,Cannonball Run II,Get on the Bus,Coogan's Bluff,The Return of Jafar,Winchester '73,Bringing Out the Dead,The Changeling,Bringing Out the Dead,Bringing Out the Dead,Les Destinées sentimentales,The Return of Jafar,The Return of Jafar,How To Make An American Quilt,A Walk on the Moon,Broken Vessels,Broken Vessels,Amityville 3-D,Next Stop Wonderland,The Gay Divorcee,Stripes,A Knight's Tale,The Outlaw Josey Wales,Next Stop Wonderland,The Absent-Minded Professor,The Fluffer,October Sky,Timerider: The Adventure of Lyle Swann,Next Stop Wonderland,Amityville 3-D,A Walk on the Moon,Broken Vessels,Broken Vessels,City Slickers II: The Legend of Curly's Gold,The Gay Divorcee,The Gay Divorcee,Stripes,Shadowlands,Assassination,Next Stop Wonderland,The Absent-Minded Professor,The Fluffer,The Absent-Minded Professor,Timerider: The Adventure of Lyle Swann,Next Stop Wonderland,The Scout,Home Fries,Home Fries,Next Stop Wonderland,The Apartment,Stripes,The Gay Divorcee,Amityville 3-D,Lassie,A Walk on the Moon,Next Stop Wonderland,Stripes,Timerider: The Adventure of Lyle Swann,Stripes,The Gay Divorcee,Home Fries,The Hideous Sun Demon,A Walk on the Moon,Home Fries,Next Stop Wonderland,The Secret Policeman's Other Ball,Here Comes Cookie,The Gay Divorcee,Amityville 3-D,Watchers,October Sky,Next Stop Wonderland,Stripes,Timerider: The Adventure of Lyle Swann,The Absent-Minded Professor,The Gay Divorcee,Home Fries,When Night Is Falling,A Walk on the Moon,My Tutor,Niagara,A Walk on the Moon,Kansas,Raging Bull,Kansas,The Changeling,Next Stop Wonderland,Jeanne et le garçon formidable,Martin Lawrence: You So Crazy,How To Make An American Quilt,Back to the Beach,The Fear,Miss Congeniality,Malice,Next Stop Wonderland,Next Stop Wonderland,Niagara,Dancing at the Blue Iguana,The Scout,Coogan's Bluff,Female Trouble,Malice,Get on the Bus,Stranger Than Paradise,A Walk on the Moon,Grace of My Heart,Big Trouble,Morte a Venezia,The Changeling,A Walk on the Moon,Timerider: The Adventure of Lyle Swann,Amityville 3-D,A Walk on the Moon,Amityville 3-D,Hail Columbia!,Focus,Shadowlands,Next Stop Wonderland,卧虎藏龙,Amityville 3-D,Broken Vessels,Clear and Present Danger,The Hideous Sun Demon,Bringing Out the Dead,A Knight's Tale,Next Stop Wonderland,Bringing Out the Dead,Amityville 3-D,A Walk on the Moon,The Maltese Falcon,Hail Columbia!,Focus,Shadowlands,Lassie,Tommy Boy,Amityville 3-D,Broken Vessels,Martin Lawrence: You So Crazy,The Hideous Sun Demon,Bringing Out the Dead,A Knight's Tale,The Scout,The Hideous Sun Demon,How To Make An American Quilt,Home Fries,The Apartment,Hail Columbia!,Focus,Shadowlands,Slap Her... She's French,Bringing Out the Dead,Next Stop Wonderland,How To Make An American Quilt,Frankie Starlight,Molly,To Gillian on Her 37th Birthday,The Hideous Sun Demon,The Hideous Sun Demon,A Walk on the Moon,How To Make An American Quilt,Home Fries,Lassie,Hail Columbia!,Focus,Shadowlands,Lassie,The Shawshank Redemption,Next Stop Wonderland,How To Make An American Quilt,The Convent,Molly,To Gillian on Her 37th Birthday,The Hideous Sun Demon
4,Broken Vessels,Miss Congeniality,The Scout,Logan's Run,Grand Hotel,Logan's Run,Broken Vessels,In Dreams,The Changeling,Broken Vessels,Back to the Beach,Broken Vessels,Malice,Jeanne et le garçon formidable,Free Willy 3: The Rescue,Mr. & Mrs. Smith,Hey Happy,Beach Party,The Dancemaker,Jeanne et le garçon formidable,Madagascar Skin,Raging Bull,Bluebeard,Tian yu,A Walk on the Moon,Bluebeard,The Proposition,The Changeling,The Return of Jafar,How To Make An American Quilt,The Scout,Next Stop Wonderland,Next Stop Wonderland,Assassination,How To Make An American Quilt,A Walk on the Moon,Watchers,Overnight Delivery,Assassination,Slam,Shadowlands,A Walk on the Moon,The Hideous Sun Demon,October Sky,Broken Vessels,Broken Vessels,Watchers,Slam,Watchers,The Outlaw Josey Wales,How To Make An American Quilt,A Walk on the Moon,The Maltese Falcon,The Maltese Falcon,Assassination,Slam,How To Make An American Quilt,The Hideous Sun Demon,The Hideous Sun Demon,October Sky,Broken Vessels,Next Stop Wonderland,Watchers,Slam,How To Make An American Quilt,Watchers,Next Stop Wonderland,The Incredible Journey,Watchers,The Absent-Minded Professor,Lassie,Stripes,Watchers,Home Fries,Shadowlands,A Walk on the Moon,To Gillian on Her 37th Birthday,The Incredible Journey,To Gillian on Her 37th Birthday,October Sky,Shadowlands,Watchers,Next Stop Wonderland,The Incredible Journey,Backbeat,Amityville 3-D,Lassie,Stripes,A Walk on the Moon,A Walk on the Moon,Shadowlands,A Walk on the Moon,To Gillian on Her 37th Birthday,Next Stop Wonderland,To Gillian on Her 37th Birthday,October Sky,Amityville II: The Possession,My Tutor,Ghosts of Mississippi,Le mari de la coiffeuse,Grand Hotel,Making the Grade,Broken Vessels,Making the Grade,Switching Channels,Cannonball Run II,The Changeling,The Fear,The Gay Divorcee,Cannonball Run II,Blood Beach,Back to the Beach,Bluebeard,Bluebeard,Free Willy 3: The Rescue,Drôle de Félix,Apt Pupil,Making the Grade,Bluebeard,Titanica,Winchester '73,Grace of My Heart,A Walk on the Moon,Stranger Than Paradise,Madagascar Skin,The Changeling,Kingpin,Destiny in Space,When Night Is Falling,Assassination,Broken Vessels,Assassination,Watchers,Kansas,Assassination,Making the Grade,Shadowlands,Next Stop Wonderland,October Sky,Assassination,Frankie Starlight,The Outlaw Josey Wales,October Sky,Watchers,Timerider: The Adventure of Lyle Swann,The Hideous Sun Demon,Broken Vessels,Assassination,Lassie,Kansas,Assassination,Making the Grade,Next Stop Wonderland,Clear and Present Danger,October Sky,Assassination,8 Seconds,The Outlaw Josey Wales,October Sky,Watchers,How To Make An American Quilt,Watchers,Next Stop Wonderland,The Hideous Sun Demon,Watchers,Kansas,Lassie,Making the Grade,Lassie,October Sky,Shadowlands,The Incredible Journey,The Gay Divorcee,Bringing Out the Dead,Watchers,Watchers,Shadowlands,The Hideous Sun Demon,Next Stop Wonderland,The Hideous Sun Demon,The Apartment,Kansas,Lassie,Making the Grade,Watchers,The Madness of King George,Shadowlands,The Incredible Journey,The Waterdance,Bringing Out the Dead,Watchers,Watchers
5,The Scout,Niagara,Broken Vessels,Miss Congeniality,Logan's Run,A Walk on the Moon,Logan's Run,A Walk on the Moon,Switching Channels,Short Circuit,Broken Vessels,Miss Congeniality,Free Willy 3: The Rescue,Broken Vessels,Malice,Jeanne et le garçon formidable,La comunidad,Cannonball Run II,Free Willy 3: The Rescue,The Return of Jafar,Get on the Bus,Blood Beach,Eight Men Out,Broken Vessels,Martin Lawrence: You So Crazy,Stranger Than Paradise,Winchester '73,Big Trouble,The Proposition,Get on the Bus,Morte a Venezia,Mr. & Mrs. Smith,Broken Vessels,Here Comes Cookie,Next Stop Wonderland,The Hideous Sun Demon,Timerider: The Adventure of Lyle Swann,Slam,Shadowlands,Home Fries,How To Make An American Quilt,Here Comes Cookie,Shadowlands,Broken Vessels,Here Comes Cookie,Assassination,The Gay Divorcee,October Sky,A Walk on the Moon,The Hideous Sun Demon,Next Stop Wonderland,The Hideous Sun Demon,Lassie,Here Comes Cookie,Shadowlands,Home Fries,Watchers,The Outlaw Josey Wales,Shadowlands,Broken Vessels,Here Comes Cookie,A Walk on the Moon,The Gay Divorcee,October Sky,Amityville 3-D,Molly,Shadowlands,The Apartment,Lassie,Home Fries,Timerider: The Adventure of Lyle Swann,The Absent-Minded Professor,A Walk on the Moon,Stripes,The Absent-Minded Professor,The Hideous Sun Demon,Next Stop Wonderland,Next Stop Wonderland,Timerider: The Adventure of Lyle Swann,A Walk on the Moon,Watchers,The Hideous Sun Demon,Shadowlands,The Apartment,The Gay Divorcee,Pi,Timerider: The Adventure of Lyle Swann,The Absent-Minded Professor,When Night Is Falling,Color Me Blood Red,The Absent-Minded Professor,The Hideous Sun Demon,Next Stop Wonderland,Home Fries,Timerider: The Adventure of Lyle Swann,A Walk on the Moon,Broken Vessels,The Scout,Sheena,Ghosts of Mississippi,Logan's Run,Mission to Mir,Logan's Run,Mission to Mir,Back to the Beach,Short Circuit,How To Make An American Quilt,Next Stop Wonderland,Midnight Cowboy,Short Circuit,Switching Channels,Short Circuit,La comunidad,Beach Party,The Dancemaker,Madagascar Skin,Jeanne et le garçon formidable,Mission to Mir,Eight Men Out,From Hell,A Walk on the Moon,Madagascar Skin,The Proposition,Big Trouble,Picnic,Hail Columbia!,Bringing Out the Dead,Fiddler on the Roof,Next Stop Wonderland,When Night Is Falling,How To Make An American Quilt,The Absent-Minded Professor,Timerider: The Adventure of Lyle Swann,Making the Grade,Shadowlands,Mission to Mir,How To Make An American Quilt,The Hideous Sun Demon,Lassie,Bringing Out the Dead,The Gay Divorcee,A Knight's Tale,The Fluffer,Fiddler on the Roof,Watchers,Legally Blonde,How To Make An American Quilt,The Absent-Minded Professor,Assassination,Making the Grade,Shadowlands,Mission to Mir,Shadowlands,The Scout,Lassie,Bringing Out the Dead,City Slickers II: The Legend of Curly's Gold,A Knight's Tale,The Fluffer,Fiddler on the Roof,When Night Is Falling,Amityville 3-D,The Absent-Minded Professor,Stripes,Lassie,Making the Grade,Timerider: The Adventure of Lyle Swann,Mission to Mir,Watchers,Color Me Blood Red,The Absent-Minded Professor,The Hideous Sun Demon,Stripes,Color Me Blood Red,Molly,Dirty Harry,Watchers,卧虎藏龙,The Absent-Minded Professor,Stripes,Next Stop Wonderland,Making the Grade,Timerider: The Adventure of Lyle Swann,Mission to Mir,When Night Is Falling,Martin Lawrence: You So Crazy,The Absent-Minded Professor,The Hideous Sun Demon,Missing in Action,Color Me Blood Red,Molly,Dirty Harry
6,Sheena,Logan's Run,Amityville II: The Possession,My Tutor,The Gay Divorcee,Broken Vessels,Sliver,Broken Vessels,Back to the Beach,Switching Channels,Blood Beach,The Changeling,Ghosts of Mississippi,Back to the Beach,How To Make An American Quilt,Broken Vessels,When Night Is Falling,Hey Happy,Jeanne et le garçon formidable,Ghosts of Mississippi,Ghosts of Mississippi,Ghosts of Mississippi,The Return of Jafar,Niagara,When Night Is Falling,Big Trouble,Malice,Bluebeard,Stranger Than Paradise,Shadrach,Bringing Out the Dead,Jeanne et le garçon formidable,The Absent-Minded Professor,The Maltese Falcon,The Absent-Minded Professor,The Absent-Minded Professor,The Maltese Falcon,Home Fries,Lassie,My Favorite Martian,Watchers,Next Stop Wonderland,How To Make An American Quilt,The Fluffer,Assassination,The Hideous Sun Demon,The Fluffer,A Walk on the Moon,When Night Is Falling,Watchers,The Absent-Minded Professor,The Absent-Minded Professor,Assassination,Amityville 3-D,Lassie,My Favorite Martian,A Walk on the Moon,Broken Vessels,How To Make An American Quilt,The Fluffer,Assassination,Bringing Out the Dead,The Fluffer,A Walk on the Moon,When Night Is Falling,Amityville 3-D,The Hideous Sun Demon,A Walk on the Moon,Next Stop Wonderland,In Dreams,The Apartment,Next Stop Wonderland,When Night Is Falling,Molly,The Hideous Sun Demon,Timerider: The Adventure of Lyle Swann,The Absent-Minded Professor,Home Fries,Next Stop Wonderland,Molly,How To Make An American Quilt,Timerider: The Adventure of Lyle Swann,The Hideous Sun Demon,A Walk on the Moon,Lassie,The Incredible Journey,The Apartment,Next Stop Wonderland,Shadowlands,Molly,The Hideous Sun Demon,Timerider: The Adventure of Lyle Swann,The Absent-Minded Professor,October Sky,Next Stop Wonderland,Molly,Sheena,The Gay Divorcee,Broken Vessels,A Walk on the Moon,The Gay Divorcee,Not Without My Daughter,Sliver,Not Without My Daughter,Next Stop Wonderland,Switching Channels,Ghosts of Mississippi,Broken Vessels,Broken Vessels,Switching Channels,Next Stop Wonderland,Switching Channels,When Night Is Falling,Hey Happy,Jeanne et le garçon formidable,Jeanne et le garçon formidable,Free Willy 3: The Rescue,Not Without My Daughter,The Return of Jafar,The Last Castle,Martin Lawrence: You So Crazy,Nothing Personal,Malice,Morte a Venezia,Nothing Personal,Kansas,Big Trouble,Kansas,The Scout,A Walk on the Moon,The Absent-Minded Professor,Broken Vessels,The Maltese Falcon,Mission to Mir,Lassie,Not Without My Daughter,Watchers,Timerider: The Adventure of Lyle Swann,How To Make An American Quilt,The Hideous Sun Demon,Timerider: The Adventure of Lyle Swann,Watchers,Timerider: The Adventure of Lyle Swann,Making the Grade,When Night Is Falling,Lady in White,The Absent-Minded Professor,Broken Vessels,Here Comes Cookie,Mission to Mir,Lassie,Not Without My Daughter,How To Make An American Quilt,Get on the Bus,How To Make An American Quilt,The Hideous Sun Demon,Clear and Present Danger,Watchers,Timerider: The Adventure of Lyle Swann,Making the Grade,A Walk on the Moon,Shadowlands,Shadowlands,Next Stop Wonderland,Next Stop Wonderland,Mission to Mir,The Apartment,Not Without My Daughter,When Night Is Falling,Legally Blonde,The Hideous Sun Demon,Timerider: The Adventure of Lyle Swann,Color Me Blood Red,The Hideous Sun Demon,Stripes,Hail Columbia!,How To Make An American Quilt,Set It Off,Shadowlands,Next Stop Wonderland,The Incredible Journey,Mission to Mir,The Apartment,Not Without My Daughter,Shadowlands,Searching for Bobby Fischer,The Hideous Sun Demon,Timerider: The Adventure of Lyle Swann,Moon Over Parador,The Hideous Sun Demon,Stripes,Hail Columbia!
7,Sliver,Broken Vessels,When Night Is Falling,Niagara,Miss Congeniality,Little Shop of Horrors,French Kiss,Little Shop of Horrors,Martin Lawrence: You So Crazy,The Changeling,Next Stop Wonderland,Back to the Beach,Miss Congeniality,Third World Cop,Madagascar Skin,Bringing Out the Dead,Next Stop Wonderland,The Arena,Martin Lawrence: You So Crazy,Broken Vessels,Apt Pupil,The Trouble with Harry,Free Willy 3: The Rescue,Bringing Out the Dead,Bluebeard,The Changeling,Ghosts of Mississippi,Mr. & Mrs. Smith,Malice,A Walk on the Moon,Kingpin,Bringing Out the Dead,The Scout,The Hideous Sun Demon,Lassie,The Maltese Falcon,Assassination,My Favorite Martian,The Maltese Falcon,Airport,A Walk on the Moon,A Knight's Tale,The Absent-Minded Professor,Assassination,The Outlaw Josey Wales,Bringing Out the Dead,Here Comes Cookie,Broken Vessels,How To Make An American Quilt,When Night Is Falling,Lassie,The Maltese Falcon,Here Comes Cookie,The Amityville Curse,The Maltese Falcon,Airport,The Hideous Sun Demon,Watchers,The Absent-Minded Professor,Assassination,The Outlaw Josey Wales,Assassination,Here Comes Cookie,Broken Vessels,A Walk on the Moon,Shadowlands,The Incredible Journey,Molly,The Hideous Sun Demon,Airport,Watchers,Home Fries,Shadowlands,The Hideous Sun Demon,Lassie,Watchers,Home Fries,October Sky,October Sky,Bringing Out the Dead,Amityville 3-D,Next Stop Wonderland,The Incredible Journey,Molly,The Apartment,Next Stop Wonderland,Watchers,Home Fries,Amityville 3-D,The Hideous Sun Demon,Lassie,Watchers,Home Fries,A Walk on the Moon,October Sky,Bringing Out the Dead,Sliver,Niagara,A Walk on the Moon,Logan's Run,Miss Congeniality,Female Trouble,French Kiss,Female Trouble,Martin Lawrence: You So Crazy,The Changeling,Broken Vessels,Switching Channels,The Fear,The Changeling,Malice,The Changeling,Next Stop Wonderland,The Arena,The Scout,The Dancemaker,The Dancemaker,Female Trouble,Free Willy 3: The Rescue,Riding in Cars with Boys,When Night Is Falling,The Amityville Curse,Ghosts of Mississippi,Winchester '73,That Thing You Do!,Making the Grade,Mr. & Mrs. Smith,Making the Grade,The Hideous Sun Demon,Next Stop Wonderland,Lassie,The Hideous Sun Demon,Assassination,Not Without My Daughter,The Maltese Falcon,Female Trouble,The Hideous Sun Demon,The Fluffer,Next Stop Wonderland,A Knight's Tale,Bringing Out the Dead,Hail Columbia!,The Outlaw Josey Wales,Mission to Mir,How To Make An American Quilt,Watchers,Lassie,The Hideous Sun Demon,The Outlaw Josey Wales,Not Without My Daughter,The Maltese Falcon,Female Trouble,Watchers,Ghosts of Mississippi,Next Stop Wonderland,A Knight's Tale,Backbeat,Hail Columbia!,The Outlaw Josey Wales,Mission to Mir,Stripes,The Scout,The Hideous Sun Demon,Molly,The Hideous Sun Demon,Not Without My Daughter,Watchers,Female Trouble,Shadowlands,Shadowlands,Lassie,Watchers,Timerider: The Adventure of Lyle Swann,Watchers,Timerider: The Adventure of Lyle Swann,Kansas,Amityville 3-D,Legally Blonde,The Hideous Sun Demon,Molly,The Absent-Minded Professor,Not Without My Daughter,Watchers,Female Trouble,Amityville 3-D,Shadowlands,Lassie,Watchers,Million Dollar Mystery,Watchers,Timerider: The Adventure of Lyle Swann,Kansas
8,Raging Bull,Sheena,Miss Congeniality,A Walk on the Moon,Niagara,Niagara,The Gay Divorcee,Niagara,When Night Is Falling,Back to the Beach,Tuđa Amerika,Six Pack,Short Circuit,Cannonball Run II,Miss Congeniality,Honeymoon in Vegas,Martin Lawrence: You So Crazy,Les Destinées sentimentales,La comunidad,Niagara,Jeanne et le garçon formidable,Broken Vessels,Jeanne et le garçon formidable,The Adventures of Buckaroo Banzai Across the 8th Dimension,Sliver,Winchester '73,Next Stop Wonderland,Winchester '73,Kingpin,Jeanne et le garçon formidable,Mr. & Mrs. Smith,Bluebeard,The Hideous Sun Demon,The Outlaw Josey Wales,The Hideous Sun Demon,Watchers,Here Comes Cookie,Airport,The Hideous Sun Demon,A Walk on the Moon,The Hideous Sun Demon,The Hideous Sun Demon,When Night Is Falling,A Knight's Tale,Lassie,Petits Frères,The Outlaw Josey Wales,Assassination,The Hideous Sun Demon,Broken Vessels,The Hideous Sun Demon,Watchers,The Outlaw Josey Wales,Next Stop Wonderland,The Hideous Sun Demon,A Walk on the Moon,When Night Is Falling,A Knight's Tale,When Night Is Falling,A Knight's Tale,Lassie,A Knight's Tale,The Outlaw Josey Wales,Assassination,Stripes,Stripes,Lassie,Watchers,The Incredible Journey,A Walk on the Moon,Next Stop Wonderland,Airport,The Hideous Sun Demon,Slap Her... She's French,October Sky,Molly,The Scout,A Walk on the Moon,Lassie,My Tutor,When Night Is Falling,Home Fries,Lassie,Watchers,Next Stop Wonderland,Airport,Next Stop Wonderland,Airport,The Hideous Sun Demon,Slap Her... She's French,October Sky,Molly,The Scout,Molly,Lassie,My Tutor,My Tutor,Sheena,Miss Congeniality,Grand Hotel,Niagara,Titanica,The Gay Divorcee,Titanica,When Night Is Falling,Back to the Beach,Malice,Ghosts of Mississippi,Malice,Not Without My Daughter,Miss Congeniality,Titanica,Martin Lawrence: You So Crazy,Les Destinées sentimentales,La comunidad,Apt Pupil,The Return of Jafar,Titanica,Jeanne et le garçon formidable,เพชฌฆาตเงียบอันตราย,Sliver,The Rugrats Movie,Sliver,Bluebeard,Get on the Bus,Mission to Mir,A Walk on the Moon,Mission to Mir,Lassie,Here Comes Cookie,The Hideous Sun Demon,The Outlaw Josey Wales,Here Comes Cookie,Female Trouble,The Hideous Sun Demon,Titanica,When Night Is Falling,The Secret Policeman's Other Ball,Shadowlands,Watchers,The Fluffer,Mission to Mir,Next Stop Wonderland,Not Without My Daughter,The Hideous Sun Demon,The Fluffer,The Hideous Sun Demon,The Outlaw Josey Wales,The Scout,Female Trouble,The Hideous Sun Demon,Titanica,The Hideous Sun Demon,The Hideous Sun Demon,Shadowlands,Watchers,Party Girl,Mission to Mir,Next Stop Wonderland,Not Without My Daughter,Timerider: The Adventure of Lyle Swann,Molly,Lassie,Watchers,The Incredible Journey,Female Trouble,Next Stop Wonderland,Titanica,The Hideous Sun Demon,Timerider: The Adventure of Lyle Swann,October Sky,Next Stop Wonderland,Next Stop Wonderland,Hail Columbia!,The Incredible Journey,Making the Grade,When Night Is Falling,Watchers,Lassie,Watchers,Home Fries,Female Trouble,Next Stop Wonderland,Titanica,The Hideous Sun Demon,Ghosts of Mississippi,October Sky,Next Stop Wonderland,Historien om Kim Skov,Hail Columbia!,The Incredible Journey,Making the Grade
9,My Tutor,The Gay Divorcee,A Walk on the Moon,Ghosts of Mississippi,Free Willy 3: The Rescue,The Adventures of Buckaroo Banzai Across the 8th Dimension,Ghosts of Mississippi,The Adventures of Buckaroo Banzai Across the 8th Dimension,Sliver,Miss Congeniality,Home Alone 3,How To Make An American Quilt,Home Alone 3,Drôle de Félix,The Scout,Miss Congeniality,Sliver,La comunidad,Sliver,La comunidad,Free Willy 3: The Rescue,Niagara,The Dancemaker,Bluebeard,Next Stop Wonderland,Morte a Venezia,Sliver,Morte a Venezia,Big Trouble,Big Trouble,Winchester '73,Stranger Than Paradise,Lassie,Watchers,The Scout,Timerider: The Adventure of Lyle Swann,A Walk on the Moon,A Walk on the Moon,Watchers,Broken Vessels,When Night Is Falling,Watchers,Amityville 3-D,Watchers,Next Stop Wonderland,The Outlaw Josey Wales,A Knight's Tale,Bringing Out the Dead,Shadowlands,Timerider: The Adventure of Lyle Swann,The Scout,Timerider: The Adventure of Lyle Swann,The Scout,A Walk on the Moon,Watchers,Broken Vessels,Amityville 3-D,The Fluffer,Amityville 3-D,Watchers,Next Stop Wonderland,Roadside Prophets,A Knight's Tale,Bringing Out the Dead,Molly,The Hideous Sun Demon,The Scout,Timerider: The Adventure of Lyle Swann,Shadowlands,The 7th Voyage of Sinbad,The Incredible Journey,A Walk on the Moon,How To Make An American Quilt,Watchers,The Scout,Slap Her... She's French,October Sky,Bringing Out the Dead,The Hideous Sun Demon,Color Me Blood Red,A Walk on the Moon,Molly,The Scout,Timerider: The Adventure of Lyle Swann,The Incredible Journey,My Tutor,The Incredible Journey,A Walk on the Moon,How To Make An American Quilt,Watchers,The Scout,Slap Her... She's French,October Sky,Color Me Blood Red,The Hideous Sun Demon,Color Me Blood Red,Ghosts of Mississippi,The Hunchback of Notre Dame,The Scout,Free Willy 3: The Rescue,Free Willy 3: The Rescue,From Hell,Ghosts of Mississippi,From Hell,Sliver,Malice,Next Stop Wonderland,The Changeling,Free Willy 3: The Rescue,Female Trouble,Tuđa Amerika,From Hell,Sliver,La comunidad,Sliver,La comunidad,The Scout,From Hell,The Dancemaker,Plata quemada,Next Stop Wonderland,Proof of Life,Next Stop Wonderland,The Changeling,Ghosts of Mississippi,Not Without My Daughter,Jeanne et le garçon formidable,Not Without My Daughter,Shadowlands,Watchers,The Scout,Timerider: The Adventure of Lyle Swann,A Walk on the Moon,Titanica,Watchers,From Hell,Amityville 3-D,Legally Blonde,The Hideous Sun Demon,The Fluffer,The Outlaw Josey Wales,Not Without My Daughter,The Hideous Sun Demon,Female Trouble,Shadowlands,The Secret Policeman's Other Ball,The Scout,Timerider: The Adventure of Lyle Swann,The Absent-Minded Professor,Titanica,Watchers,From Hell,When Night Is Falling,دایره,The Hideous Sun Demon,The Fluffer,Frankie Starlight,Not Without My Daughter,The Hideous Sun Demon,Female Trouble,Molly,Timerider: The Adventure of Lyle Swann,The Scout,Timerider: The Adventure of Lyle Swann,Shadowlands,Titanica,The Incredible Journey,From Hell,How To Make An American Quilt,Slap Her... She's French,The Scout,Slap Her... She's French,The Absent-Minded Professor,Mission to Mir,Slap Her... She's French,Mission to Mir,A Walk on the Moon,The Secret Policeman's Other Ball,The Scout,Timerider: The Adventure of Lyle Swann,The Scout,Titanica,The Incredible Journey,From Hell,How To Make An American Quilt,Watchers,The Scout,Slap Her... She's French,Jonah: A VeggieTales Movie,Mission to Mir,Slap Her... She's French,Mission to Mir
10,,,,,When Night Is Falling,My Tutor,Grand Hotel,My Tutor,,,,,The Return of Jafar,Switching Channels,Jeanne et le garçon formidable,Back to the Beach,,,,,The Dancemaker,The Adventures of Buckaroo Banzai Across the 8th Dimension,The Scout,Coogan's Bluff,,,,,Mr. & Mrs. Smith,My Tutor,White Zombie,دایره,,,,,The Outlaw Josey Wales,Broken Vessels,Timerider: The Adventure of Lyle Swann,Assassination,,,,,A Knight's Tale,Legally Blonde,October Sky,The Hideous Sun Demon,,,,,The Absent-Minded Professor,Broken Vessels,Timerider: The Adventure of Lyle Swann,Assassination,,,,,A Knight's Tale,Petits Frères,October Sky,The Hideous Sun Demon,,,,,The Absent-Minded Professor,My Tutor,The Absent-Minded Professor,The 7th Voyage of Sinbad,,,,,Molly,My Tutor,The Incredible Journey,The Hideous Sun Demon,,,,,The Absent-Minded Professor,The Hideous Sun Demon,The Absent-Minded Professor,The 7th Voyage of Sinbad,,,,,Molly,Petits Frères,The Incredible Journey,The Hideous Sun Demon,,,,,When Night Is Falling,The Last Castle,Grand Hotel,The Last Castle,,,,,Ghosts of Mississippi,Titanica,Back to the Beach,The Last Castle,,,,,Broken Vessels,The Last Castle,The Scout,Dancing at the Blue Iguana,,,,,French Kiss,Female Trouble,The Scout,Female Trouble,,,,,The Outlaw Josey Wales,From Hell,Timerider: The Adventure of Lyle Swann,The Last Castle,,,,,Lassie,Female Trouble,"Objective, Burma!",Titanica,,,,,Broken Vessels,From Hell,Timerider: The Adventure of Lyle Swann,The Last Castle,,,,,Searching for Bobby Fischer,Female Trouble,"Objective, Burma!",Titanica,,,,,The Absent-Minded Professor,From Hell,The Absent-Minded Professor,The Last Castle,,,,,The Scout,Not Without My Daughter,Home Fries,Female Trouble,,,,,Stripes,From Hell,The Absent-Minded Professor,The Last Castle,,,,,Swept Away,Not Without My Daughter,Home Fries,Female Trouble
11,,,,,The Hunchback of Notre Dame,One Day in September,Niagara,Hellraiser III: Hell on Earth,,,,,Jeanne et le garçon formidable,Lightning Jack,Martin Lawrence: You So Crazy,Drôle de Félix,,,,,The Return of Jafar,Bringing Out the Dead,Blood Beach,Third World Cop,,,,,摇啊摇，摇到外婆桥,The Changeling,摇啊摇，摇到外婆桥,Short Circuit,,,,,When Night Is Falling,Assassination,Here Comes Cookie,The Hideous Sun Demon,,,,,Under Siege 2: Dark Territory,A Walk on the Moon,Under Siege 2: Dark Territory,Roadside Prophets,,,,,Broken Vessels,The Hideous Sun Demon,Here Comes Cookie,The Hideous Sun Demon,,,,,Under Siege 2: Dark Territory,October Sky,Under Siege 2: Dark Territory,Roadside Prophets,,,,,Home Fries,The Hideous Sun Demon,The Hideous Sun Demon,My Tutor,,,,,Slap Her... She's French,Color Me Blood Red,The Absent-Minded Professor,醉拳二,,,,,The Scout,The Outlaw Josey Wales,The Hideous Sun Demon,My Tutor,,,,,Slap Her... She's French,The Hideous Sun Demon,The Absent-Minded Professor,醉拳二,,,,,The Hunchback of Notre Dame,Riding in Cars with Boys,Niagara,Riding in Cars with Boys,,,,,Miss Congeniality,From Hell,Ghosts of Mississippi,เพชฌฆาตเงียบอันตราย,,,,,Niagara,Riding in Cars with Boys,Blood Beach,Focus,,,,,How To Make An American Quilt,The Last Castle,The Changeling,Titanica,,,,,When Night Is Falling,The Last Castle,Here Comes Cookie,Riding in Cars with Boys,,,,,Next Stop Wonderland,Titanica,The Absent-Minded Professor,From Hell,,,,,Next Stop Wonderland,The Last Castle,Here Comes Cookie,Riding in Cars with Boys,,,,,Schindler's List,Titanica,The Absent-Minded Professor,From Hell,,,,,Home Fries,The Last Castle,The Hideous Sun Demon,Riding in Cars with Boys,,,,,Slap Her... She's French,Female Trouble,Amityville 3-D,Titanica,,,,,Timerider: The Adventure of Lyle Swann,The Last Castle,The Hideous Sun Demon,Riding in Cars with Boys,,,,,Big Jake,Female Trouble,Amityville 3-D,Titanica
12,,,,,Amityville II: The Possession,Miss Congeniality,My Tutor,Miss Congeniality,,,,,Tuđa Amerika,The Return of Jafar,Broken Vessels,Short Circuit,,,,,The Scout,My Tutor,La comunidad,Beach Party,,,,,The Scout,Bringing Out the Dead,Jeanne et le garçon formidable,The Changeling,,,,,How To Make An American Quilt,Bringing Out the Dead,The Absent-Minded Professor,The Outlaw Josey Wales,,,,,The Absent-Minded Professor,Roadside Prophets,Lassie,The Outlaw Josey Wales,,,,,Next Stop Wonderland,The Outlaw Josey Wales,The Absent-Minded Professor,The Outlaw Josey Wales,,,,,The Absent-Minded Professor,The Hideous Sun Demon,Lassie,The Outlaw Josey Wales,,,,,The Scout,The Outlaw Josey Wales,Shadowlands,The Hideous Sun Demon,,,,,The Incredible Journey,The Hideous Sun Demon,Shadowlands,Love Story,,,,,Stripes,卧虎藏龙,Shadowlands,The Hideous Sun Demon,,,,,The Incredible Journey,醉拳二,Shadowlands,Love Story,,,,,Amityville II: The Possession,เพชฌฆาตเงียบอันตราย,My Tutor,เพชฌฆาตเงียบอันตราย,,,,,Jeanne et le garçon formidable,Riding in Cars with Boys,Free Willy 3: The Rescue,Waking Life,,,,,Malice,เพชฌฆาตเงียบอันตราย,La comunidad,Intimacy,,,,,The Gay Divorcee,Riding in Cars with Boys,Martin Lawrence: You So Crazy,From Hell,,,,,How To Make An American Quilt,Riding in Cars with Boys,The Absent-Minded Professor,เพชฌฆาตเงียบอันตราย,,,,,The Scout,The Last Castle,Shadowlands,The Last Castle,,,,,Timerider: The Adventure of Lyle Swann,Riding in Cars with Boys,The Absent-Minded Professor,เพชฌฆาตเงียบอันตราย,,,,,Les Nuits Fauves,From Hell,Shadowlands,The Last Castle,,,,,The Scout,Riding in Cars with Boys,Shadowlands,เพชฌฆาตเงียบอันตราย,,,,,Lassie,Titanica,Next Stop Wonderland,From Hell,,,,,Molly,Riding in Cars with Boys,Shadowlands,เพชฌฆาตเงียบอันตราย,,,,,The Secret Policeman's Other Ball,Titanica,Next Stop Wonderland,From Hell
13,,,,,Broken Vessels,Death on the Nile,Sheena,Death on the Nile,,,,,The Scout,Short Circuit,The Changeling,Switching Channels,,,,,Bluebeard,Coogan's Bluff,Broken Vessels,Eight Men Out,,,,,Winchester '73,Bluebeard,Stranger Than Paradise,Les Destinées sentimentales,,,,,Next Stop Wonderland,The Hideous Sun Demon,A Walk on the Moon,卧虎藏龙,,,,,Shadowlands,Lady in White,Next Stop Wonderland,A Knight's Tale,,,,,Amityville 3-D,卧虎藏龙,A Walk on the Moon,卧虎藏龙,,,,,Shadowlands,Legally Blonde,Next Stop Wonderland,A Knight's Tale,,,,,How To Make An American Quilt,卧虎藏龙,How To Make An American Quilt,The Outlaw Josey Wales,,,,,Watchers,Baise-moi,Amityville 3-D,Baise-moi,,,,,The Hideous Sun Demon,Petits Frères,How To Make An American Quilt,The Outlaw Josey Wales,,,,,Watchers,Legally Blonde,Amityville 3-D,Baise-moi,,,,,Broken Vessels,Plata quemada,Sheena,Plata quemada,,,,,The Changeling,เพชฌฆาตเงียบอันตราย,How To Make An American Quilt,K-PAX,,,,,Bluebeard,Plata quemada,Broken Vessels,Waking Life,,,,,Hav Plenty,เพชฌฆาตเงียบอันตราย,摇啊摇，摇到外婆桥,Intimacy,,,,,Next Stop Wonderland,เพชฌฆาตเงียบอันตราย,A Walk on the Moon,Plata quemada,,,,,Shadowlands,Riding in Cars with Boys,Amityville 3-D,Intimacy,,,,,Amityville 3-D,เพชฌฆาตเงียบอันตราย,A Walk on the Moon,Plata quemada,,,,,The Saint of Fort Washington,The Last Castle,Amityville 3-D,Intimacy,,,,,How To Make An American Quilt,เพชฌฆาตเงียบอันตราย,How To Make An American Quilt,Plata quemada,,,,,Watchers,From Hell,How To Make An American Quilt,The Last Castle,,,,,The Hideous Sun Demon,เพชฌฆาตเงียบอันตราย,How To Make An American Quilt,Plata quemada,,,,,One Good Cop,From Hell,How To Make An American Quilt,The Last Castle
14,,,,,The Scout,The Fluffer,Miss Congeniality,The Fluffer,,,,,Switching Channels,The Changeling,Back to the Beach,The Changeling,,,,,Hey Happy,The Fluffer,Niagara,The Fluffer,,,,,A Walk on the Moon,The Secret Policeman's Other Ball,Martin Lawrence: You So Crazy,Winchester '73,,,,,Broken Vessels,The Outlaw Josey Wales,Next Stop Wonderland,Petits Frères,,,,,How To Make An American Quilt,Watchers,The Hideous Sun Demon,Legally Blonde,,,,,Watchers,Petits Frères,Next Stop Wonderland,Petits Frères,,,,,How To Make An American Quilt,Lady in White,The Hideous Sun Demon,Legally Blonde,,,,,Amityville 3-D,Petits Frères,Home Fries,卧虎藏龙,,,,,A Walk on the Moon,Legally Blonde,Home Fries,Legally Blonde,,,,,Shadowlands,Legally Blonde,Home Fries,卧虎藏龙,,,,,A Walk on the Moon,Lady in White,Home Fries,Legally Blonde,,,,,The Scout,Dancing at the Blue Iguana,Miss Congeniality,Dancing at the Blue Iguana,,,,,Switching Channels,Plata quemada,Home Alone 3,On the Line,,,,,Hey Happy,Dancing at the Blue Iguana,Niagara,K-PAX,,,,,The Rugrats Movie,Plata quemada,Winchester '73,Waking Life,,,,,Broken Vessels,Plata quemada,Next Stop Wonderland,Dancing at the Blue Iguana,,,,,How To Make An American Quilt,เพชฌฆาตเงียบอันตราย,How To Make An American Quilt,Waking Life,,,,,Watchers,Plata quemada,Next Stop Wonderland,Dancing at the Blue Iguana,,,,,Rudy,Riding in Cars with Boys,How To Make An American Quilt,Waking Life,,,,,Amityville 3-D,Plata quemada,Home Fries,Dancing at the Blue Iguana,,,,,A Walk on the Moon,The Last Castle,October Sky,Focus,,,,,Shadowlands,Plata quemada,Home Fries,Dancing at the Blue Iguana,,,,,Roadside Prophets,The Last Castle,October Sky,Focus
15,,,,,Sheena,Sheena,A Walk on the Moon,Sheena,,,,,Back to the Beach,Divine Madness,Blood Beach,The Enforcer,,,,,La comunidad,Hey Happy,How To Make An American Quilt,Hey Happy,,,,,Martin Lawrence: You So Crazy,Winchester '73,The Changeling,Punch-Drunk Love,,,,,The Absent-Minded Professor,卧虎藏龙,The Outlaw Josey Wales,Legally Blonde,,,,,Watchers,Timerider: The Adventure of Lyle Swann,The Absent-Minded Professor,Lady in White,,,,,A Walk on the Moon,Legally Blonde,The Outlaw Josey Wales,Legally Blonde,,,,,Watchers,Shallow Hal,The Absent-Minded Professor,Lady in White,,,,,When Night Is Falling,Legally Blonde,A Walk on the Moon,Legally Blonde,,,,,When Night Is Falling,Lady in White,A Walk on the Moon,Lady in White,,,,,Watchers,Lady in White,A Walk on the Moon,Legally Blonde,,,,,When Night Is Falling,Watchers,A Walk on the Moon,Lady in White,,,,,Sheena,Focus,A Walk on the Moon,Focus,,,,,Back to the Beach,Dancing at the Blue Iguana,The Scout,Thir13en Ghosts,,,,,La comunidad,Focus,How To Make An American Quilt,On the Line,,,,,Malice,Dancing at the Blue Iguana,The Proposition,K-PAX,,,,,The Absent-Minded Professor,Dancing at the Blue Iguana,The Outlaw Josey Wales,Focus,,,,,Watchers,Plata quemada,Broken Vessels,K-PAX,,,,,A Walk on the Moon,Dancing at the Blue Iguana,The Outlaw Josey Wales,Focus,,,,,Widows' Peak,เพชฌฆาตเงียบอันตราย,Broken Vessels,K-PAX,,,,,When Night Is Falling,Dancing at the Blue Iguana,A Walk on the Moon,Focus,,,,,When Night Is Falling,Riding in Cars with Boys,Shadowlands,Intimacy,,,,,Watchers,Dancing at the Blue Iguana,A Walk on the Moon,Focus,,,,,Two Thousand Maniacs!,Riding in Cars with Boys,Shadowlands,Intimacy
16,,,,,Sliver,Les Destinées sentimentales,Le mari de la coiffeuse,The Arena,,,,,Next Stop Wonderland,Harry Potter and the Philosopher's Stone,Next Stop Wonderland,The Fluffer,,,,,When Night Is Falling,The Arena,Martin Lawrence: You So Crazy,The Arena,,,,,When Night Is Falling,Morte a Venezia,The Proposition,Morte a Venezia,,,,,The Scout,Lady in White,Amityville 3-D,Lady in White,,,,,A Walk on the Moon,The Fluffer,Shadowlands,Watchers,,,,,When Night Is Falling,Lady in White,Amityville 3-D,Lady in White,,,,,A Walk on the Moon,Timerider: The Adventure of Lyle Swann,Shadowlands,Watchers,,,,,A Walk on the Moon,Lady in White,Amityville 3-D,Lady in White,,,,,Shadowlands,Watchers,Slap Her... She's French,Watchers,,,,,How To Make An American Quilt,Watchers,Amityville 3-D,Lady in White,,,,,Shadowlands,Timerider: The Adventure of Lyle Swann,Slap Her... She's French,Watchers,,,,,Sliver,Intimacy,Le mari de la coiffeuse,Intimacy,,,,,Next Stop Wonderland,Focus,The Changeling,Better Than Sex,,,,,When Night Is Falling,Intimacy,Martin Lawrence: You So Crazy,Thir13en Ghosts,,,,,The Scout,Focus,Malice,On the Line,,,,,The Scout,Focus,Amityville 3-D,Intimacy,,,,,A Walk on the Moon,Dancing at the Blue Iguana,Lassie,On the Line,,,,,When Night Is Falling,Focus,Amityville 3-D,Intimacy,,,,,M. Butterfly,Plata quemada,Lassie,On the Line,,,,,A Walk on the Moon,Focus,Amityville 3-D,Intimacy,,,,,Shadowlands,Plata quemada,Lassie,Waking Life,,,,,How To Make An American Quilt,Focus,Amityville 3-D,Intimacy,,,,,My Tutor,Plata quemada,Lassie,Waking Life
17,,,,,Raging Bull,Lo sceicco bianco,Free Willy 3: The Rescue,Lo sceicco bianco,,,,,Martin Lawrence: You So Crazy,The Fluffer,The Fear,The Man from Elysian Fields,,,,,Next Stop Wonderland,Les Destinées sentimentales,Ghosts of Mississippi,Les Destinées sentimentales,,,,,Bluebeard,Punch-Drunk Love,Malice,Big Trouble,,,,,The Hideous Sun Demon,Watchers,Broken Vessels,Watchers,,,,,The Hideous Sun Demon,Slap Her... She's French,Broken Vessels,Shallow Hal,,,,,How To Make An American Quilt,Watchers,Broken Vessels,Watchers,,,,,The Hideous Sun Demon,The Fluffer,Broken Vessels,Shallow Hal,,,,,Stripes,Watchers,Stripes,Watchers,,,,,Amityville 3-D,Timerider: The Adventure of Lyle Swann,Stripes,Timerider: The Adventure of Lyle Swann,,,,,Amityville 3-D,Timerider: The Adventure of Lyle Swann,Stripes,Watchers,,,,,Amityville 3-D,Slap Her... She's French,Stripes,Timerider: The Adventure of Lyle Swann,,,,,Raging Bull,Waking Life,Free Willy 3: The Rescue,Waking Life,,,,,Martin Lawrence: You So Crazy,Intimacy,Six Pack,Donnie Darko,,,,,Next Stop Wonderland,Waking Life,Ghosts of Mississippi,Better Than Sex,,,,,Martin Lawrence: You So Crazy,Winchester '73,Ghosts of Mississippi,Winchester '73,,,,,The Hideous Sun Demon,Intimacy,Broken Vessels,Waking Life,,,,,The Hideous Sun Demon,Shallow Hal,Under Siege 2: Dark Territory,Timerider: The Adventure of Lyle Swann,,,,,How To Make An American Quilt,Intimacy,Broken Vessels,Waking Life,,,,,The Scout,Dancing at the Blue Iguana,Under Siege 2: Dark Territory,Timerider: The Adventure of Lyle Swann,,,,,Stripes,Intimacy,Stripes,Waking Life,,,,,Amityville 3-D,Dancing at the Blue Iguana,The Hideous Sun Demon,Shallow Hal,,,,,Amityville 3-D,Intimacy,Stripes,Waking Life,,,,,Midnight Cowboy,Dancing at the Blue Iguana,The Hideous Sun Demon,Shallow Hal
18,,,,,My Tutor,The Hunchback of Notre Dame,Amityville II: The Possession,Flying Down to Rio,,,,,When Night Is Falling,The Secret Policeman's Other Ball,Ghosts of Mississippi,Le Père Noël est une ordure,,,,,Martin Lawrence: You So Crazy,La comunidad,Next Stop Wonderland,La comunidad,,,,,Sliver,Torque,Sliver,CrissCross,,,,,Lassie,Timerider: The Adventure of Lyle Swann,How To Make An American Quilt,Timerider: The Adventure of Lyle Swann,,,,,When Night Is Falling,Duplex,Amityville 3-D,Timerider: The Adventure of Lyle Swann,,,,,The Hideous Sun Demon,Timerider: The Adventure of Lyle Swann,How To Make An American Quilt,Timerider: The Adventure of Lyle Swann,,,,,When Night Is Falling,The Secret Policeman's Other Ball,Amityville 3-D,Timerider: The Adventure of Lyle Swann,,,,,Timerider: The Adventure of Lyle Swann,Timerider: The Adventure of Lyle Swann,Molly,Timerider: The Adventure of Lyle Swann,,,,,The Hideous Sun Demon,The Secret Policeman's Other Ball,Color Me Blood Red,Slap Her... She's French,,,,,When Night Is Falling,The Secret Policeman's Other Ball,Molly,Timerider: The Adventure of Lyle Swann,,,,,The Hideous Sun Demon,The Courtship of Eddie's Father,Color Me Blood Red,Slap Her... She's French,,,,,My Tutor,Sheena,Amityville II: The Possession,Sheena,,,,,When Night Is Falling,Waking Life,Martin Lawrence: You So Crazy,Six Pack,,,,,Martin Lawrence: You So Crazy,Hey Happy,Next Stop Wonderland,Donnie Darko,,,,,When Night Is Falling,Morte a Venezia,Next Stop Wonderland,Morte a Venezia,,,,,Lassie,Waking Life,How To Make An American Quilt,K-PAX,,,,,When Night Is Falling,Timerider: The Adventure of Lyle Swann,A Knight's Tale,The Fluffer,,,,,The Hideous Sun Demon,Waking Life,How To Make An American Quilt,K-PAX,,,,,Shadowlands,Shallow Hal,A Knight's Tale,The Fluffer,,,,,Timerider: The Adventure of Lyle Swann,Waking Life,Molly,K-PAX,,,,,The Hideous Sun Demon,Timerider: The Adventure of Lyle Swann,The Absent-Minded Professor,Timerider: The Adventure of Lyle Swann,,,,,When Night Is Falling,Waking Life,Molly,K-PAX,,,,,Watchers,Timerider: The Adventure of Lyle Swann,The Absent-Minded Professor,Timerider: The Adventure of Lyle Swann
19,,,,,Ghosts of Mississippi,盲獣,The Scout,Le mari de la coiffeuse,,,,,Sliver,Sommarnattens leende,Tuđa Amerika,Cannonball Run II,,,,,Sliver,CrissCross,Malice,CrissCross,,,,,Next Stop Wonderland,Sommarnattens leende,Next Stop Wonderland,White Zombie,,,,,Shadowlands,Funeral in Berlin,The Scout,Funeral in Berlin,,,,,Amityville 3-D,Shallow Hal,The Scout,Slap Her... She's French,,,,,Shadowlands,The Secret Policeman's Other Ball,The Scout,Funeral in Berlin,,,,,Amityville 3-D,Watchers,The Scout,Slap Her... She's French,,,,,Molly,The Secret Policeman's Other Ball,The Scout,The Secret Policeman's Other Ball,,,,,How To Make An American Quilt,Slap Her... She's French,The Scout,The Secret Policeman's Other Ball,,,,,A Walk on the Moon,The Courtship of Eddie's Father,The Scout,The Secret Policeman's Other Ball,,,,,How To Make An American Quilt,The Secret Policeman's Other Ball,The Scout,The Secret Policeman's Other Ball,,,,,Ghosts of Mississippi,The Hunchback of Notre Dame,The Scout,Le mari de la coiffeuse,,,,,Sliver,Sommarnattens leende,Jeanne et le garçon formidable,Broadway Danny Rose,,,,,Sliver,La comunidad,Malice,La comunidad,,,,,Sliver,Sommarnattens leende,Sliver,La sindrome di Stendhal,,,,,Shadowlands,Timerider: The Adventure of Lyle Swann,The Scout,Timerider: The Adventure of Lyle Swann,,,,,Amityville 3-D,The Fluffer,The Scout,"Objective, Burma!",,,,,Shadowlands,Timerider: The Adventure of Lyle Swann,The Scout,Timerider: The Adventure of Lyle Swann,,,,,How To Make An American Quilt,Timerider: The Adventure of Lyle Swann,The Scout,"Objective, Burma!",,,,,Molly,Timerider: The Adventure of Lyle Swann,The Scout,Timerider: The Adventure of Lyle Swann,,,,,How To Make An American Quilt,Slap Her... She's French,The Scout,Slap Her... She's French,,,,,A Walk on the Moon,Timerider: The Adventure of Lyle Swann,The Scout,Timerider: The Adventure of Lyle Swann,,,,,The Hideous Sun Demon,Slap Her... She's French,The Scout,Slap Her... She's French
